{"cameraMode":{"drawMode":0,"name":"Shaded","section":"Shading Mode"},"sceneLighting":true,"audioPlay":false,"sceneViewState":{"m_AlwaysRefresh":false,"showFog":true,"showSkybox":true,"showFlares":true,"showImageEffects":true,"showParticleSystems":true,"showVisualEffectGraphs":true,"m_FxEnabled":true},"in2DMode":false,"pivot":{"x":-0.17965662479400636,"y":200.12925720214845,"z":5.667898178100586},"rotation":{"x":-0.003309607272967696,"y":-0.00840245932340622,"z":0.00002792105806292966,"w":-0.999958872795105},"size":2.9407663345336916,"orthographic":false}