{"cameraMode":{"drawMode":0,"name":"Shaded","section":"Shading Mode"},"sceneLighting":true,"audioPlay":false,"sceneViewState":{"m_AlwaysRefresh":false,"showFog":true,"showSkybox":true,"showFlares":true,"showImageEffects":true,"showParticleSystems":true,"showVisualEffectGraphs":true,"m_FxEnabled":true},"in2DMode":false,"pivot":{"x":-2.221879243850708,"y":198.42034912109376,"z":5.699999809265137},"rotation":{"x":-0.1078585609793663,"y":0.06615831702947617,"z":-0.0071936496533453468,"w":-0.9919371008872986},"size":0.9757117033004761,"orthographic":false}