{"cameraMode":{"drawMode":0,"name":"Shaded","section":"Shading Mode"},"sceneLighting":true,"audioPlay":false,"sceneViewState":{"m_AlwaysRefresh":false,"showFog":true,"showSkybox":true,"showFlares":true,"showImageEffects":true,"showParticleSystems":true,"showVisualEffectGraphs":true,"m_FxEnabled":true},"in2DMode":false,"pivot":{"x":-2.2141103744506838,"y":29.30512237548828,"z":5.699999809265137},"rotation":{"x":-0.12662610411643983,"y":0.11341427266597748,"z":-0.014574771746993065,"w":-0.9853389263153076},"size":2.478064775466919,"orthographic":false}