{"cameraMode":{"drawMode":0,"name":"Shaded","section":"Shading Mode"},"sceneLighting":true,"audioPlay":false,"sceneViewState":{"m_AlwaysRefresh":false,"showFog":true,"showSkybox":true,"showFlares":true,"showImageEffects":true,"showParticleSystems":true,"showVisualEffectGraphs":true,"m_FxEnabled":true},"in2DMode":false,"pivot":{"x":1524.393310546875,"y":744.0848388671875,"z":-184.90499877929688},"rotation":{"x":-0.04347757250070572,"y":0.01341649703681469,"z":-0.0005878765950910747,"w":-0.9989778399467468},"size":269.3865051269531,"orthographic":false}