{"cameraMode":{"drawMode":0,"name":"Shaded","section":"Shading Mode"},"sceneLighting":true,"audioPlay":false,"sceneViewState":{"m_AlwaysRefresh":false,"showFog":true,"showSkybox":true,"showFlares":true,"showImageEffects":true,"showParticleSystems":true,"showVisualEffectGraphs":true,"m_FxEnabled":true},"in2DMode":false,"pivot":{"x":173.26144409179688,"y":288.0408935546875,"z":-281.281494140625},"rotation":{"x":0.37170305848121645,"y":-0.12606458365917207,"z":0.051021259278059009,"w":0.9183499813079834},"size":163.9438018798828,"orthographic":false}